概念编号,简体中文首选,简体中文可用,简体中文禁用,英语首选,日语首选,状态,地区代码,来源
C-1001,读段,读段,读数,read,リード,首选,CN,全国科学技术名词审定委员会
C-1002,接头,接头,引物,adapter,アダプター,首选,CN,全国科学技术名词审定委员会
C-1003,修剪,修剪,剪切;清洗,trimming,トリミング,首选,CN,本规范自定
C-1004,比对率,比对率,定位率;匹配率,mapping rate,マッピング率,首选,CN,本规范自定
C-1005,转录本,转录本,转录本基因;转录组条目,transcript,トランスクリプト,首选,CN,全国科学技术名词审定委员会
C-1006,定量,定量,计数;量化,quantification,定量,首选,CN,本规范自定
C-1007,样本编号,样本编号;样本代码,样本名;样本 ID,sample identifier,サンプルID,首选,CN,本规范自定
C-1008,去标识化,去标识化,匿名化,de-identification,匿名化,首选,CN,本规范自定
C-1009,参考转录组,参考转录组,参考序列,reference transcriptome,参照トランスクリプトーム,首选,CN,本规范自定
C-1010,核糖核酸测序,核糖核酸测序,,RNA sequencing,RNAシーケンス,首选,CN,全国科学技术名词审定委员会
C-1011,容器镜像,容器镜像,,container image,コンテナイメージ,首选,CN,本规范自定
C-1012,命令行,命令行,控制台,command line,コマンドライン,首选,CN,本规范自定
